rank,package,version,trustScore,confidence
1,@wdio/repl,9.16.2,92,95
2,@mdx-js/react,3.1.1,89.75,95
3,@mdx-js/loader,3.1.1,89.75,95
4,jest-get-type,29.6.3,89.25,95
5,@nrwl/js,19.8.4,89.25,95
6,diff-sequences,29.6.3,89,95
7,rxjs,7.8.2,88.75,95
8,tslib,2.8.1,88.5,95
9,prismjs,1.30.0,88.5,95
10,graphql,17.0.2,88.44,95
11,@storybook/channel-websocket,7.6.17,88.25,95
12,@nrwl/tao,19.8.4,88,95
13,@nrwl/cli,15.9.3,88,95
14,@nrwl/jest,19.8.4,88,95
15,@nrwl/storybook,19.8.4,88,95
16,@nrwl/react,19.8.4,88,95
17,react-select,5.10.2,87.75,95
18,workbox-core,7.4.1,87.75,95
19,react-bootstrap,2.10.10,87.75,95
20,@vue/cli-plugin-typescript,5.0.9,87.75,95
21,@babel/plugin-transform-dotall-regex,8.0.1,87.66,95
22,@babel/plugin-transform-typeof-symbol,8.0.1,87.66,95
23,@babel/plugin-transform-react-inline-elements,8.0.1,87.66,95
24,eslint-import-resolver-typescript,4.4.5,87.63,95
25,@babel/plugin-syntax-typescript,8.0.3,87.52,95
26,react-native-gradle-plugin,0.71.19,87.5,95
27,bcrypt,6.0.0,87.5,95
28,react-chartjs-2,5.3.1,87.35,95
29,@babel/plugin-proposal-json-strings,7.18.6,87.25,95
30,confusing-browser-globals,1.0.11,87.25,95
31,react-app-polyfill,3.0.0,87.25,95
32,@hapi/hoek,11.0.7,87.25,95
33,@react-navigation/routers,7.6.4,87.2,95
34,mobx,7.0.5,87.03,95
35,expo-status-bar,57.0.1,87.02,95
36,cron,4.4.0,87,95
37,create-react-app,5.1.0,87,95
38,@chakra-ui/hooks,2.4.2,87,95
39,@azure/core-asynciterator-polyfill,1.0.2,87,95
40,@babel/template,8.0.0,86.92,95
41,@babel/helper-wrap-function,8.0.0,86.92,95
42,@babel/helper-builder-react-jsx,8.0.1,86.91,95
43,redis,6.2.1,86.9,95
44,@babel/plugin-syntax-numeric-separator,7.10.4,86.88,95
45,workbox-strategies,7.4.1,86.75,95
46,workbox-broadcast-update,7.4.1,86.75,95
47,workbox-expiration,7.4.1,86.75,95
48,workbox-routing,7.4.1,86.75,95
49,workbox-range-requests,7.4.1,86.75,95
50,@mdx-js/util,2.0.0,86.75,95
51,workbox-streams,7.4.1,86.75,95
52,workbox-cacheable-response,7.4.1,86.75,95
53,babel-plugin-apply-mdx-type-prop,2.0.0,86.75,95
54,babel-plugin-extract-import-names,2.0.0,86.75,95
55,@babel/plugin-transform-react-jsx,8.0.1,86.66,95
56,@babel/preset-typescript,8.0.1,86.66,95
57,apollo-client,2.6.10,86.59,95
58,@docusaurus/utils-common,3.10.2,86.59,95
59,@playwright/test,1.63.0,86.57,95
60,@graphql-tools/merge,9.2.4,86.53,95
61,@graphql-tools/load,8.1.17,86.53,95
62,@babel/helper-define-map,7.18.6,86.5,95
63,postcss-modules-scope,3.2.1,86.5,95
64,@octokit/auth-token,6.0.0,86.5,95
65,@babel/plugin-transform-react-constant-elements,8.0.5,86.49,95
66,@graphql-codegen/core,6.2.0,86.39,95
67,jest,30.5.2,86.38,95
68,@opentelemetry/context-async-hooks,2.11.0,86.38,95
69,@opentelemetry/propagator-b3,2.11.0,86.38,95
70,@formatjs/intl,6.1.2,86.36,95
71,@babel/plugin-proposal-optional-chaining,7.21.0,86.25,95
72,eslint-config-react-app,7.0.1,86.25,95
73,@vue/cli-ui-addon-webpack,5.0.9,86.25,95
74,ag-grid-community,36.2.0,86.16,95
75,@apollo/client,4.3.1,86.13,95
76,typescript,7.0.2,86.12,95
77,@graphql-codegen/typescript-react-apollo,5.0.0,86.07,95
78,@azure/abort-controller,2.2.0,86.05,95
79,@azure/logger,1.4.0,86.05,95
80,node-fetch,3.3.2,86,95
81,webpack-hot-middleware,2.26.1,86,95
82,@chakra-ui/provider,2.4.2,86,95
83,@chakra-ui/form-control,2.2.0,86,95
84,@chakra-ui/alert,2.2.2,86,95
85,devtools,8.42.0,86,95
86,@opentelemetry/api-metrics,0.33.0,86,95
87,@azure/core-http,3.0.5,86,95
88,@babel/preset-react,8.0.1,85.91,95
89,inversify,8.2.3,85.91,95
90,@graphql-codegen/typescript,6.1.0,85.89,95
91,@graphql-codegen/schema-ast,6.1.0,85.89,95
92,workbox-webpack-plugin,7.4.1,85.75,95
93,react-textarea-autosize,8.5.9,85.75,95
94,react-markdown,10.1.0,85.75,95
95,expo-error-recovery,4.0.1,85.75,95
96,cssdb,8.11.0,85.64,95
97,@babel/code-frame,8.0.6,85.63,95
98,zustand,5.0.15,85.63,95
99,@docusaurus/utils-validation,3.10.2,85.59,95
100,fill-range,7.1.1,85.5,95
101,postcss-modules-local-by-default,4.2.0,85.5,95
102,pidusage,4.0.1,85.5,95
103,@babel/plugin-transform-react-display-name,8.0.1,85.41,95
104,@babel/plugin-transform-react-jsx-development,8.0.1,85.41,95
105,@babel/plugin-transform-react-pure-annotations,8.0.1,85.41,95
106,@babel/node,8.0.6,85.38,95
107,@opentelemetry/core,2.11.0,85.38,95
108,@opentelemetry/propagator-jaeger,2.11.0,85.38,95
109,@opentelemetry/sdk-trace-node,2.11.0,85.38,95
110,mobx-react,10.0.2,85.29,95
111,cra-template-typescript,1.3.0,85.25,95
112,@typescript-eslint/eslint-plugin-tslint,7.0.2,85.25,95
113,@slack/types,3.1.0,85.19,95
114,@azure/msal-node,7.0.0,85.06,95
115,@react-three/fiber,9.8.1,85.04,95
116,readable-stream,4.7.0,85,95
117,react-transition-group,4.4.5,85,95
118,@chakra-ui/icon,3.2.0,85,95
119,@chakra-ui/react-utils,2.0.11,85,95
120,@chakra-ui/color-mode,2.2.0,85,95
121,@chakra-ui/checkbox,2.3.2,85,95
122,@chakra-ui/radio,2.1.2,85,95
123,@chakra-ui/tooltip,2.3.1,85,95
124,@chakra-ui/control-box,2.1.0,85,95
125,@chakra-ui/close-button,2.1.1,85,95
126,@chakra-ui/react-env,3.1.0,85,95
127,@chakra-ui/transition,2.1.0,85,95
128,@chakra-ui/clickable,2.1.0,85,95
129,@chakra-ui/live-region,2.1.0,85,95
130,@chakra-ui/focus-lock,2.1.0,85,95
131,@chakra-ui/counter,2.1.0,85,95
132,@loadable/component,5.16.7,85,95
133,@loadable/webpack-plugin,5.15.2,85,95
134,@babel/plugin-syntax-json-strings,7.8.3,84.99,95
135,webpack-chain,6.5.1,84.9,95
136,@graphql-codegen/typescript-resolvers,6.1.0,84.89,95
137,lit,3.3.3,84.88,95
138,@graphql-codegen/typescript-operations,6.1.7,84.86,95
139,@csstools/postcss-is-pseudo-class,6.0.1,84.78,95
140,tailwindcss,4.3.3,84.76,95
141,postcss-convert-values,9.0.4,84.75,95
142,critters,0.0.25,84.75,95
143,detect-port,2.1.0,84.75,95
144,url-parse,1.5.10,84.75,95
145,n,10.2.0,84.75,95
146,react-overlays,5.2.1,84.75,95
147,@uppy/react,6.0.0,84.7,95
148,@babel/helper-annotate-as-pure,8.0.0,84.67,95
149,jest-matcher-utils,30.5.2,84.63,95
150,react,19.3.0,84.5,95
151,micromatch,4.0.8,84.5,95
152,babel-preset-react-app,10.1.0,84.5,95
153,@vercel/node-bridge,4.0.1,84.5,95
154,@formatjs/ecma402-abstract,3.2.0,84.39,95
155,@radix-ui/react-primitive,2.1.10,84.39,95
156,@radix-ui/react-slot,1.3.3,84.39,95
157,@radix-ui/react-id,1.1.4,84.39,95
158,@radix-ui/react-context,1.2.2,84.39,95
159,vega-typings,2.3.0,84.36,95
160,react-scripts,5.0.1,84.25,95
161,@typescript-eslint/experimental-utils,5.62.0,84.25,95
162,superstruct,2.0.2,84.25,95
163,webpackbar,7.0.0,84.25,95
164,expo-application,57.0.3,84.23,95
165,@formatjs/intl-localematcher,0.9.0,84.21,95
166,sass,1.105.0,84.07,95
167,@napi-rs/triples,2.1.29,84.07,95
168,react-error-overlay,6.1.0,84,95
169,@emotion/css,11.13.5,84,95
170,@testing-library/react-hooks,8.0.1,84,95
171,@chakra-ui/descendant,3.1.0,84,95
172,@chakra-ui/image,2.1.0,84,95
173,@chakra-ui/pin-input,2.1.0,84,95
174,@chakra-ui/avatar,2.3.0,84,95
175,@chakra-ui/stat,2.1.1,84,95
176,@chakra-ui/breadcrumb,2.2.0,84,95
177,@chakra-ui/portal,2.1.0,84,95
178,@chakra-ui/popper,3.1.0,84,95
179,@opentelemetry/sdk-metrics-base,0.31.0,84,95
180,@mapbox/node-pre-gyp,2.0.3,83.93,95
181,jest-worker,30.5.1,83.87,95
182,lit-element,4.2.2,83.81,95
183,clean-css,5.3.3,83.75,95
184,loader-utils,3.3.1,83.75,95
185,style-loader,4.0.0,83.75,95
186,cssnano,9.1.0,83.75,95
187,polished,4.3.1,83.75,95
188,ethereumjs-util,7.1.5,83.75,95
189,node-gyp-build,4.8.4,83.75,95
190,@xstate/react,6.1.0,83.67,95
191,@babel/plugin-transform-regenerator,8.0.6,83.63,95
192,mz,2.7.0,83.54,95
193,@discoveryjs/json-ext,1.1.0,83.52,95
194,@emotion/is-prop-valid,1.4.0,83.5,95
195,gauge,5.0.2,83.5,95
196,workbox-recipes,7.4.1,83.5,95
197,postcss-modules-extract-imports,3.1.0,83.5,95
198,gtoken,8.0.0,83.5,95
199,turbo,2.11.5,83.5,95
200,lodash.uniqby,4.7.0,83.46,95
201,babel-plugin-react-docgen,4.2.1,83.46,95
202,protobufjs,8.8.0,83.44,95
203,webpack-cli,7.2.3,83.42,95
204,react-router-config,5.1.1,83.4,95
205,@babel/types,8.0.6,83.38,95
206,@opentelemetry/resources,2.11.0,83.38,95
207,@opentelemetry/sdk-trace-base,2.11.0,83.38,95
208,monaco-editor-webpack-plugin,7.1.1,83.33,95
209,@azure/core-lro,3.4.1,83.33,95
210,react-intl,12.1.3,83.3,95
211,@wdio/logger,9.29.1,83.28,95
212,@storybook/manager-webpack4,6.5.16,83.25,95
213,@aws-sdk/util-utf8-browser,3.259.0,83.25,95
214,@aws-sdk/signature-v4,3.374.0,83.25,95
215,@aws-sdk/node-config-provider,3.374.0,83.25,95
216,@aws-sdk/is-array-buffer,3.374.0,83.25,95
217,@aws-sdk/abort-controller,3.374.0,83.25,95
218,@aws-sdk/hash-node,3.374.0,83.25,95
219,@aws-sdk/middleware-stack,3.374.0,83.25,95
220,@aws-sdk/fetch-http-handler,3.374.0,83.25,95
221,@aws-sdk/node-http-handler,3.374.0,83.25,95
222,@aws-sdk/util-base64-browser,3.209.0,83.25,95
223,@aws-sdk/util-utf8-node,3.259.0,83.25,95
224,@aws-sdk/util-body-length-node,3.374.0,83.25,95
225,@aws-sdk/util-body-length-browser,3.374.0,83.25,95
226,web3-eth-personal,4.1.0,83.25,95
227,@aws-sdk/util-base64-node,3.209.0,83.25,95
228,@aws-sdk/util-defaults-mode-node,3.374.0,83.25,95
229,@rails/webpacker,5.4.4,83.25,95
230,react-element-to-jsx-string,17.0.1,83.25,95
231,@aws-sdk/eventstream-serde-node,3.374.0,83.25,95
232,rc-util,5.44.4,83.25,95
233,@fluentui/react-window-provider,2.3.2,83.25,95
234,@emotion/native,11.11.0,83.25,95
235,fastify,5.12.5,83.16,95
236,@octokit/graphql,9.0.5,83.14,95
237,@babel/parser,7.29.9,83.13,95
238,@babel/plugin-transform-typescript,7.29.9,83.13,95
239,react-native-reanimated,4.7.0,83.13,95
240,lodash.merge,4.6.2,83.08,95
241,@emotion/babel-plugin,11.13.5,83,95
242,@vue/reactivity-transform,3.3.13,83,95
243,@webassemblyjs/floating-point-hex-parser,1.14.1,83,95
244,fp-ts,2.16.11,83,95
245,@chakra-ui/layout,2.3.1,83,95
246,@chakra-ui/accordion,2.3.1,83,95
247,@chakra-ui/modal,2.3.1,83,95
248,@chakra-ui/button,2.1.0,83,95
249,@chakra-ui/editable,3.1.0,83,95
250,@chakra-ui/slider,2.1.0,83,95
251,@chakra-ui/tabs,3.0.0,83,95
252,io-ts,2.2.22,83,95
253,node-plop,0.32.3,83,95
254,swr,2.5.1,82.89,95
255,q,1.5.1,82.82,95
256,@lit/reactive-element,2.1.2,82.81,95
257,nanoid,6.0.1,82.76,95
258,workbox-build,7.4.1,82.75,95
259,@babel/plugin-transform-react-jsx-self,7.29.7,82.72,95
260,@babel/plugin-transform-react-jsx-source,7.29.7,82.72,95
261,body-parser,2.3.0,82.68,95
262,react-redux,9.3.0,82.61,95
263,@docusaurus/utils,3.10.2,82.59,95
264,@tiptap/react,3.31.3,82.57,95
265,serialize-javascript,7.1.2,82.56,95
266,jasmine-core,7.0.2,82.54,95
267,debug,4.4.3,82.5,95
268,@emotion/hash,0.9.2,82.5,95
269,big.js,7.0.1,82.5,95
270,@emotion/weak-memoize,0.4.0,82.5,95
271,react-dev-utils,12.0.1,82.5,95
272,react-devtools-core,8.0.0,82.5,95
273,is-glob,4.0.3,82.5,95
274,react-devtools,8.0.0,82.5,95
275,pg-types,4.1.0,82.5,95
276,minipass-fetch,6.0.0,82.45,95
277,terser-webpack-plugin,5.6.1,82.44,95
278,react-tooltip,6.0.8,82.43,95
279,@vitejs/plugin-react,6.1.1,82.42,95
280,@babel/traverse,8.0.6,82.38,95
281,@jest/core,30.5.2,82.38,95
282,acorn-node,2.0.1,82.35,95
283,lodash.isequal,4.5.0,82.33,95
284,@aws-sdk/util-arn-parser,3.972.41,82.32,95
285,undici,8.11.2,82.3,95
286,mjml-migrate,4.18.0,82.27,95
287,@babel/helper-builder-react-jsx-experimental,7.12.11,82.26,95
288,@emotion/react,11.14.0,82.25,95
289,react-native-codegen,0.70.7,82.25,95
290,@aws-sdk/hash-stream-node,3.374.0,82.25,95
291,lodash.debounce,4.0.8,82.21,95
292,lodash.clonedeep,4.5.0,82.21,95
293,lodash.sortby,4.7.0,82.21,95
294,lodash.uniq,4.5.0,82.21,95
295,lodash.memoize,4.1.2,82.21,95
296,lodash.difference,4.5.0,82.21,95
297,lodash.map,4.6.0,82.21,95
298,lodash.some,4.6.0,82.21,95
299,lodash.reduce,4.6.0,82.21,95
300,lodash.has,4.5.2,82.21,95
301,lodash.reject,4.6.0,82.21,95
302,lodash.groupby,4.6.0,82.21,95
303,lodash.find,4.6.0,82.21,95
304,lodash.keys,4.2.0,82.21,95
305,zod,4.6.5,82.19,95
306,@rollup/pluginutils,5.4.0,82.17,95
307,promise-retry,2.0.1,82.11,95
308,@wdio/types,9.32.0,82.1,95
309,ts-loader,9.6.2,82.09,95
310,caniuse-lite,1.0.30001812,82.05,95
311,@material-ui/utils,4.11.3,82,95
312,@material-ui/system,4.12.2,82,95
313,@material-ui/icons,4.11.3,82,95
314,browserify,17.0.1,82,95
315,react-virtualized,9.22.6,82,95
316,ts-invariant,0.10.3,82,95
317,@babel/helper-simple-access,7.29.7,81.97,95
318,eventemitter3,5.0.4,81.95,95
319,cors,2.8.6,81.9,95
320,recharts,3.10.1,81.86,95
321,@floating-ui/react-dom,2.1.9,81.83,95
322,fabric,7.4.0,81.81,95
323,react-native-cli,2.0.1,81.81,95
324,mobx-react-lite,5.1.0,81.8,95
325,react-dnd,16.0.1,81.75,95
326,@ethersproject/hdnode,5.8.0,81.75,95
327,@material-ui/unstyled,5.0.0-alpha.15,81.73,95
328,@discordjs/builders,1.14.1,81.72,95
329,@material-ui/styled-engine,5.0.0-alpha.11,81.7,95
330,html-webpack-plugin,5.6.8,81.64,95
331,styled-components,6.5.3,81.6,95
332,is-number,7.0.0,81.53,95
333,esbuild-linux-64,0.15.18,81.5,95
334,classnames,2.5.1,81.5,95
335,esbuild-darwin-arm64,0.15.18,81.5,95
336,esbuild-windows-64,0.15.18,81.5,95
337,esbuild-linux-arm64,0.15.18,81.5,95
338,esbuild-windows-32,0.15.18,81.5,95
339,esbuild-darwin-64,0.15.18,81.5,95
340,esbuild-windows-arm64,0.15.18,81.5,95
341,esbuild-netbsd-64,0.15.18,81.5,95
342,esbuild-sunos-64,0.15.18,81.5,95
343,esbuild-openbsd-64,0.15.18,81.5,95
344,esbuild-android-arm64,0.15.18,81.5,95
345,esbuild-linux-arm,0.15.18,81.5,95
346,esbuild-linux-mips64le,0.15.18,81.5,95
347,esbuild-linux-ppc64le,0.15.18,81.5,95
348,esbuild-freebsd-64,0.15.18,81.5,95
349,esbuild-freebsd-arm64,0.15.18,81.5,95
350,esbuild-linux-32,0.15.18,81.5,95
351,esbuild-linux-s390x,0.15.18,81.5,95
352,get-stream,9.0.1,81.5,95
353,esbuild-linux-riscv64,0.15.18,81.5,95
354,glob-parent,6.0.2,81.5,95
355,esbuild-android-64,0.15.18,81.5,95
356,interpret,3.1.1,81.5,95
357,fraction.js,5.3.4,81.5,95
358,css-to-react-native,3.2.0,81.5,95
359,minizlib,3.1.0,81.5,95
360,@nuxt/webpack,2.18.1,81.5,95
361,react-base16-styling,0.10.0,81.5,95
362,source-map-loader,5.0.0,81.5,95
363,thread-loader,4.0.4,81.5,95
364,normalize-path,3.0.0,81.47,95
365,validate-npm-package-name,8.0.0,81.45,95
366,react-router,8.4.0,81.42,95
367,@react-navigation/native,7.4.1,81.42,95
368,@react-navigation/stack,7.11.2,81.39,95
369,@react-navigation/native-stack,7.19.2,81.39,95
370,node-addon-api,8.9.2,81.38,95
371,react-helmet,6.1.0,81.36,95
372,immutability-helper,3.1.1,81.35,95
373,@docusaurus/core,3.10.2,81.34,95
374,@graphql-codegen/cli,7.4.3,81.3,95
375,inquirer,14.2.2,81.28,95
376,downshift,9.4.0,81.23,95
377,svgo,4.1.0,81.22,95
378,lodash.get,4.4.2,81.21,95
379,lodash.includes,4.3.0,81.21,95
380,lodash.isplainobject,4.0.6,81.21,95
381,lodash.truncate,4.4.2,81.21,95
382,lodash.union,4.6.0,81.21,95
383,lodash.set,4.3.2,81.21,95
384,lodash.ismatch,4.4.0,81.21,95
385,lodash.foreach,4.5.0,81.21,95
386,lodash.maxby,4.6.0,81.21,95
387,css-loader,7.1.5,81.17,95
388,@vue/reactivity,3.5.43,81.15,95
389,string_decoder,1.3.0,81.11,95
390,proxyquire,2.1.3,81.11,95
391,@wdio/config,9.32.0,81.1,95
392,webpack-dev-middleware,8.3.0,81.09,95
393,config,5.0.1,81.05,95
394,ts-jest,29.4.14,81.04,95
395,merge-stream,2.0.0,81.04,95
396,combined-stream,1.0.8,81.03,95
397,ts-node,10.9.2,81,95
398,eslint-plugin-react,7.37.5,81,95
399,tsconfig-paths,4.2.0,81,95
400,@chakra-ui/menu,2.2.1,81,95
401,reactstrap,9.2.3,81,95
402,@welldone-software/why-did-you-render,10.0.1,81,95
403,eslint-webpack-plugin,6.0.0,80.93,95
404,gcp-metadata,9.0.4,80.9,95
405,finalhandler,2.1.1,80.87,95
406,type-is,3.0.0,80.83,95
407,raw-body,4.0.0,80.82,95
408,@rollup/plugin-node-resolve,16.0.3,80.8,95
409,prop-types,15.8.1,80.75,95
410,stackframe,1.3.4,80.75,95
411,node-sass,9.0.0,80.75,95
412,@npmcli/move-file,3.0.0,80.75,95
413,react-dates,21.8.0,80.75,95
414,@prisma/client,7.10.0,80.71,95
415,ini,7.0.0,80.7,95
416,css-minimizer-webpack-plugin,8.0.0,80.62,95
417,xmlbuilder,15.1.1,80.56,95
418,@vercel/node,16.0.1,80.53,95
419,webpack-sources,3.6.0,80.52,95
420,ansi-colors,4.1.3,80.5,95
421,human-signals,8.0.1,80.5,95
422,change-case,5.4.4,80.5,95
423,resolve.exports,2.0.3,80.5,95
424,title-case,4.3.2,80.5,95
425,@tailwindcss/postcss7-compat,2.2.17,80.5,95
426,node-emoji,2.2.0,80.5,95
427,d3-time,3.1.0,80.5,95
428,vfile-message,4.0.3,80.5,95
429,color-name,2.1.1,80.42,95
430,cosmiconfig,10.0.1,80.39,95
431,@octokit/request,10.0.16,80.39,95
432,@material-ui/types,5.1.0,80.33,95
433,@opentelemetry/api,1.9.1,80.3,95
434,@webassemblyjs/wasm-edit,1.14.1,80.25,95
435,@webpack-cli/info,3.0.1,80.25,95
436,react-docgen-typescript,2.4.0,80.25,95
437,react-popper-tooltip,4.4.2,80.25,95
438,stylus-loader,9.0.0,80.22,95
439,babel-plugin-transform-react-remove-prop-types,0.4.24,80.2,95
440,react-router-dom,7.18.4,80.17,95
441,bson,7.3.3,80.17,95
442,@wdio/utils,9.32.0,80.1,95
443,webdriver,9.32.0,80.1,95
444,socket.io,4.8.4,80.04,95
445,@material-ui/core,4.12.4,80,95
446,@material-ui/styles,4.11.5,80,95
447,fork-ts-checker-webpack-plugin,9.1.0,80,95
448,apollo-server-express,3.13.0,80,95
449,kind-of,6.0.3,79.99,95
450,stylis,4.4.0,79.96,95
451,jwks-rsa,4.1.0,79.88,95
452,@reduxjs/toolkit,2.12.0,79.86,95
453,lodash.isobject,3.0.2,79.84,95
454,lodash.mergewith,4.6.2,79.83,95
455,tsutils,3.21.0,79.83,95
456,lodash.defaultsdeep,4.6.1,79.83,95
457,ts-toolbelt,9.6.0,79.83,95
458,bl,7.0.12,79.82,95
459,@typescript/vfs,1.6.5,79.82,95
460,antd,6.6.5,79.77,95
461,react-spring,10.0.4,79.76,95
462,webpack-merge,6.0.1,79.75,95
463,cross-fetch,4.1.0,79.75,95
464,framesync,6.1.2,79.75,95
465,resolve-url-loader,5.0.0,79.75,95
466,lowdb,7.0.1,79.75,95
467,@expo/config-plugins,57.0.9,79.73,95
468,create-hmac,1.1.7,79.71,95
469,raf,3.4.1,79.63,95
470,eslint-plugin-node,11.1.0,79.55,95
471,mime,4.1.0,79.5,95
472,enquirer,2.4.1,79.5,95
473,camel-case,5.0.0,79.5,95
474,signal-exit,4.1.0,79.5,95
475,sentence-case,4.0.0,79.5,95
476,lilconfig,3.1.3,79.5,95
477,compute-scroll-into-view,3.1.1,79.5,95
478,react-devtools-inline,8.0.0,79.5,95
479,redis-parser,3.0.0,79.45,95
480,lodash.isfunction,3.0.9,79.4,95
481,@react-navigation/drawer,7.14.2,79.39,95
482,eslint-import-resolver-node,0.4.0,79.35,95
483,@aws-sdk/util-user-agent-node,3.973.62,79.32,95
484,vscode-languageserver,10.1.2,79.29,95
485,@webpack-cli/serve,3.0.1,79.25,95
486,@webpack-cli/configtest,3.0.1,79.25,95
487,unist-util-visit-parents,6.0.2,79.24,95
488,file-loader,6.2.0,79.22,95
489,url-loader,4.1.1,79.21,95
490,webpack-dev-server,6.0.0,79.19,95
491,@react-aria/ssr,3.10.1,79.18,95
492,type-fest,5.10.0,79.15,95
493,expo-asset,57.0.18,79.13,95
494,safe-buffer,5.2.1,79.08,95
495,csstype,3.2.3,79.06,95
496,assert-plus,1.0.0,79.05,95
497,@graphql-tools/batch-execute,10.2.0,79.02,95
498,nodemailer,10.0.11,79.01,95
499,react-beautiful-dnd,13.1.1,79,95
500,@react-native-community/eslint-config,3.2.0,79,95
501,lodash.flatten,4.4.0,78.96,95
502,lodash.once,4.1.1,78.96,95
503,lodash.defaults,4.2.0,78.96,95
504,lodash.throttle,4.1.1,78.96,95
505,lodash.mapvalues,4.6.0,78.96,95
506,lodash.pick,4.4.0,78.96,95
507,lodash.escape,4.0.1,78.95,95
508,@protobufjs/utf8,1.1.2,78.9,95
509,react-datepicker,9.1.0,78.87,95
510,ramda,0.32.0,78.83,95
511,lodash.templatesettings,4.2.0,78.83,95
512,lodash.isstring,4.0.1,78.8,95
513,lodash.isboolean,3.0.3,78.8,95
514,lodash.isnumber,3.0.3,78.8,95
515,@svgr/core,8.1.0,78.75,95
516,common-tags,1.8.2,78.75,95
517,react-popper,2.3.0,78.75,95
518,levelup,5.1.1,78.75,95
519,react-responsive,10.0.1,78.75,95
520,cacheable-lookup,7.0.0,78.75,95
521,scroll-into-view-if-needed,3.1.0,78.75,95
522,js-beautify,2.0.3,78.73,95
523,@fluentui/react-focus,8.10.7,78.73,95
524,@protobufjs/base64,1.1.2,78.71,95
525,on-headers,1.1.0,78.71,95
526,schema-utils,4.5.0,78.7,95
527,@cypress/webpack-preprocessor,8.0.0,78.69,95
528,@protobufjs/aspromise,1.1.2,78.67,95
529,loader-runner,4.3.2,78.64,95
530,min-document,2.19.2,78.64,95
531,tough-cookie,6.0.2,78.63,95
532,@protobufjs/pool,1.1.0,78.6,95
533,@protobufjs/fetch,1.1.1,78.58,95
534,postcss-loader,8.2.1,78.57,95
535,playwright-core,1.63.0,78.57,95
536,ioredis,6.0.0,78.55,95
537,babel-loader,10.1.1,78.52,95
538,@protobufjs/eventemitter,1.1.1,78.52,95
539,object-hash,3.0.0,78.5,95
540,clsx,2.1.1,78.5,95
541,react-fast-compare,3.2.2,78.5,95
542,duplexify,4.1.3,78.5,95
543,package-json,10.0.1,78.5,95
544,mdast-util-to-string,4.0.0,78.5,95
545,mongodb,7.6.0,78.47,95
546,isomorphic-fetch,3.0.0,78.45,95
547,eslint-import-resolver-webpack,0.13.11,78.45,95
548,vue-class-component,7.2.6,78.44,95
549,@react-native-async-storage/async-storage,3.1.1,78.42,95
550,define-property,2.0.2,78.4,95
551,@fullcalendar/interaction,6.1.21,78.4,95
552,react-player,3.4.0,78.36,95
553,through2,5.0.11,78.32,95
554,events,3.3.0,78.32,95
555,@react-native-firebase/app,26.4.0,78.32,95
556,@react-spring/types,10.1.2,78.31,95
557,@react-spring/rafz,10.1.2,78.31,95
558,prisma,8.0.0-rc.17,78.3,95
559,mini-css-extract-plugin,2.10.2,78.29,95
560,normalize-url,9.0.1,78.29,95
561,vscode-languageserver-types,3.18.4,78.29,95
562,@aws-sdk/client-sso,3.1141.0,78.28,95
563,@aws-sdk/client-sts,3.1141.0,78.28,95
564,@aws-sdk/client-s3,3.1141.0,78.28,95
565,postcss-place,11.0.0,78.27,95
566,reselect,5.3.0,78.26,95
567,parseurl,1.3.3,78.26,95
568,react-query,3.39.3,78.25,95
569,react-app-rewired,2.2.1,78.25,95
570,expo-file-system,57.0.7,78.23,95
571,expo-keep-awake,57.0.2,78.23,95
572,raw-loader,4.0.2,78.21,95
573,node-cache,5.1.2,78.13,95
574,thenify,3.3.1,78.12,95
575,webdriverio,9.32.0,78.1,95
576,ee-first,1.1.1,78.09,95
577,websocket-driver,0.7.5,78.08,95
578,babel-plugin-dynamic-import-node,2.3.3,78.07,95
579,node-forge,1.4.0,78.06,95
580,@angular-devkit/build-angular,22.2.0,78.06,95
581,handle-thing,2.0.1,78.05,95
582,log4js,6.9.1,78,95
583,@nodelib/fs.stat,4.0.0,78,95
584,@nodelib/fs.walk,3.0.1,78,95
585,@nodelib/fs.scandir,4.0.1,78,95
586,makeerror,1.0.12,78,95
587,react-onclickoutside,6.13.2,78,95
588,lodash.camelcase,4.3.0,77.96,95
589,lodash.flattendeep,4.4.0,77.96,95
590,lodash.kebabcase,4.1.1,77.96,95
591,lodash.snakecase,4.1.1,77.96,95
592,lodash.flow,3.5.0,77.96,95
593,lodash.escaperegexp,4.1.2,77.95,95
594,@cypress/webpack-dev-server,6.0.0,77.94,95
595,semantic-ui-react,2.1.5,77.93,95
596,camelcase,9.0.0,77.9,95
597,unist-util-visit,5.1.0,77.9,95
598,pg-connection-string,2.14.0,77.88,95
599,css-declaration-sorter,7.4.0,77.87,95
600,minipass,7.1.3,77.78,95
601,to-regex-range,5.0.1,77.76,95
602,shallow-clone,3.0.1,77.76,95
603,@svgr/webpack,8.1.0,77.75,95
604,node-notifier,10.0.1,77.75,95
605,@storybook/react,10.6.0,77.6,95
606,postcss-js,5.1.0,77.6,95
607,html-encoding-sniffer,7.0.0,77.59,95
608,playwright,1.63.0,77.57,95
609,lodash.isundefined,3.0.1,77.56,95
610,react-router-native,6.30.6,77.55,95
611,buffer,6.0.3,77.5,95
612,fast-glob,3.3.3,77.5,95
613,@svgr/babel-plugin-svg-dynamic-title,8.0.0,77.5,95
614,@svgr/babel-plugin-transform-react-native-svg,8.1.0,77.5,95
615,kleur,4.1.5,77.5,95
616,decamelize,6.0.1,77.5,95
617,pkg-dir,9.0.0,77.5,95
618,escalade,3.2.0,77.5,95
619,end-of-stream,1.4.5,77.5,95
620,aproba,2.1.0,77.5,95
621,lodash.identity,3.0.0,77.5,95
622,map-obj,6.0.0,77.5,95
623,is-binary-path,3.0.0,77.5,95
624,tiny-invariant,1.3.3,77.5,95
625,chrome-trace-event,1.0.4,77.5,95
626,untildify,6.0.0,77.5,95
627,arch,3.0.0,77.5,95
628,github-slugger,2.0.0,77.5,95
629,@octokit/types,18.0.0,77.4,95
630,@babel/preset-env,8.0.6,77.38,95
631,@typescript-eslint/visitor-keys,8.70.1,77.34,95
632,@typescript-eslint/types,8.70.1,77.34,95
633,@typescript-eslint/utils,8.70.1,77.34,95
634,@react-spring/shared,10.1.2,77.31,95
635,@react-spring/animated,10.1.2,77.31,95
636,@react-spring/core,10.1.2,77.31,95
637,@react-spring/web,10.1.2,77.31,95
638,@react-spring/three,10.1.2,77.31,95
639,@react-spring/konva,10.1.2,77.31,95
640,@react-spring/native,10.1.2,77.31,95
641,@react-spring/zdog,10.1.2,77.31,95
642,object.pick,1.3.0,77.27,95
643,buffer-xor,2.0.2,77.27,95
644,@expo/config-types,57.0.2,77.27,95
645,ipaddr.js,2.5.0,77.25,95
646,react-modal,3.16.3,77.25,95
647,ts-node-dev,2.0.0,77.25,95
648,expo-font,57.0.4,77.23,95
649,@react-stately/utils,3.12.1,77.18,95
650,js-cookie,3.0.8,77.17,95
651,ky,2.1.0,77.17,95
652,bignumber.js,11.1.5,77.16,95
653,@google-cloud/storage,8.2.0,77.14,95
654,expo-constants,57.0.19,77.13,95
655,@commitlint/read,21.2.3,77.12,95
656,@commitlint/lint,21.2.3,77.12,95
657,react-day-picker,10.0.1,77.11,95
658,minimatch,10.2.6,77.1,95
659,@opentelemetry/semantic-conventions,1.43.0,77.1,95
660,resolve,1.22.12,77.07,95
661,dompurify,3.4.16,77.06,95
662,diff,9.0.0,77.05,95
663,http-proxy-agent,9.1.0,77.03,95
664,react-native-web,0.21.3,77.03,95
665,dataloader,2.2.3,77,95
666,fastest-levenshtein,1.0.16,77,95
667,next-auth,4.24.15,76.95,95
668,react-syntax-highlighter,16.1.1,76.92,95
669,pumpify,2.0.1,76.9,95
670,chardet,2.2.0,76.87,95
671,w3c-xmlserializer,6.0.0,76.84,95
672,ava,8.0.1,76.83,95
673,decompress-response,10.0.0,76.79,95
674,csv,6.6.4,76.79,95
675,lodash._reinterpolate,3.0.0,76.75,95
676,encodeurl,2.0.0,76.75,95
677,nice-try,4.0.2,76.75,95
678,@chakra-ui/react,3.37.0,76.67,95
679,qs,6.16.0,76.65,95
680,webpack-bundle-analyzer,5.4.0,76.65,95
681,postcss-import,17.0.0,76.61,95
682,string-width,8.3.0,76.55,95
683,pretty-bytes,7.2.0,76.52,95
684,micromark-util-types,2.0.3,76.52,95
685,basic-auth,3.0.0,76.51,95
686,find-up,8.0.0,76.5,95
687,bytes,3.1.2,76.5,95
688,no-case,4.0.0,76.5,95
689,make-dir,5.1.0,76.5,95
690,object-inspect,1.13.4,76.5,95
691,is-fullwidth-code-point,5.1.0,76.5,95
692,klona,2.0.6,76.5,95
693,word-wrap,1.2.5,76.5,95
694,p-cancelable,4.0.1,76.5,95
695,cli-table3,0.6.5,76.5,95
696,is-data-descriptor,2.1.3,76.5,95
697,is-docker,4.0.0,76.5,95
698,sockjs-client,1.6.1,76.5,95
699,char-regex,2.0.2,76.5,95
700,swap-case,3.0.3,76.5,95
701,denque,2.1.0,76.5,95
702,blueimp-md5,2.19.0,76.5,95
703,gzip-size,7.0.0,76.5,95
704,react-flow-renderer,10.3.17,76.5,95
705,lazy-ass,2.0.3,76.5,95
706,@cypress/react,10.0.0,76.44,95
707,@testing-library/react,16.3.3,76.43,95
708,@sindresorhus/is,8.1.0,76.41,95
709,extend-shallow,3.0.2,76.37,95
710,webpack-node-externals,3.0.0,76.37,95
711,indent-string,5.0.0,76.36,95
712,@typescript-eslint/scope-manager,8.70.1,76.34,95
713,@typescript-eslint/parser,8.70.1,76.34,95
714,@typescript-eslint/typescript-estree,8.70.1,76.34,95
715,@typescript-eslint/type-utils,8.70.1,76.34,95
716,webpack-manifest-plugin,6.0.1,76.26,95
717,typedarray-to-buffer,4.0.0,76.25,95
718,is-buffer,2.0.5,76.23,95
719,regenerate,1.4.2,76.23,95
720,ieee754,1.2.1,76.22,95
721,unbzip2-stream,1.4.3,76.1,95
722,marked,18.0.14,76.08,95
723,npm,12.1.0,76.07,95
724,create-next-app,16.3.6,76.07,95
725,@ngtools/webpack,22.2.0,76.06,95
726,vscode-languageserver-textdocument,1.0.15,76.05,95
727,methods,1.1.2,76.04,95
728,electron-to-chromium,1.5.439,76.04,95
729,https-proxy-agent,9.1.0,76.03,95
730,socks-proxy-agent,10.1.0,76.03,95
731,@react-native-community/eslint-plugin,1.3.0,76,95
732,create-require,1.1.1,76,95
733,@material-ui/lab,4.0.0-alpha.61,76,80
734,lodash.isinteger,4.0.4,75.96,95
735,data-uri-to-buffer,8.0.0,75.96,95
736,@assemblyscript/loader,0.28.20,75.93,95
737,lie,3.3.0,75.93,95
738,http-proxy-middleware,4.2.0,75.92,95
739,p-retry,8.0.1,75.86,95
740,react-error-boundary,6.1.6,75.85,95
741,xtend,4.0.2,75.83,95
742,delayed-stream,1.0.0,75.82,95
743,winston,3.19.0,75.79,95
744,less-loader,13.0.0,75.79,95
745,@react-native-community/cli,20.2.0,75.79,95
746,memoize-one,6.0.0,75.75,95
747,split2,4.2.0,75.75,95
748,cli-width,4.1.0,75.75,95
749,react-native-vector-icons,10.3.0,75.75,95
750,@fluentui/react,8.125.7,75.73,95
751,p-timeout,7.0.2,75.71,95
752,react-native,0.87.1,75.69,95
753,react-draggable,4.7.2,75.65,95
754,hash.js,1.1.7,75.65,95
755,react-docgen,8.0.4,75.6,95
756,rimraf,6.1.3,75.57,95
757,emittery,2.1.0,75.52,95
758,param-case,4.0.0,75.5,95
759,pascal-case,4.0.0,75.5,95
760,dot-case,4.0.0,75.5,95
761,destroy,1.2.0,75.5,95
762,snake-case,4.0.0,75.5,95
763,path-case,4.0.0,75.5,95
764,promise-polyfill,8.3.0,75.5,95
765,webpack-virtual-modules,0.6.2,75.5,95
766,sponge-case,2.0.3,75.5,95
767,clone-response,2.0.0,75.5,95
768,unist-util-stringify-position,4.0.0,75.5,95
769,pathval,2.0.1,75.5,95
770,enhanced-resolve,5.25.1,75.45,95
771,wait-on,9.1.0,75.44,95
772,is-descriptor,3.1.2,75.41,95
773,@grpc/grpc-js,1.14.5,75.39,95
774,escape-goat,4.0.0,75.36,95
775,chai,6.2.2,75.33,95
776,flatted,3.4.4,75.32,95
777,case-sensitive-paths-webpack-plugin,2.4.0,75.32,95
778,err-code,3.0.1,75.31,95
779,webpack,5.111.1,75.28,95
780,colord,2.10.0,75.28,95
781,hoist-non-react-statics,3.3.2,75.24,95
782,unist-util-is,6.0.1,75.24,95
783,pm2,7.0.4,75.22,95
784,lodash.template,4.18.1,75.21,95
785,bluebird,3.7.2,75.2,95
786,@pmmmwh/react-refresh-webpack-plugin,0.6.3,75.19,95
787,@react-aria/utils,3.34.1,75.18,95
788,@react-aria/interactions,3.28.1,75.18,95
789,react-content-loader,7.1.2,75.15,95
790,react-colorful,5.8.1,75.11,95
791,is-extglob,2.1.1,75.06,95
792,@graphql-tools/wrap,11.2.0,75.02,95
793,nodemon,3.1.14,75,95
794,gaxios,8.1.0,74.91,95
795,thunky,1.1.0,74.91,95
796,dlv,1.1.3,74.79,95
797,react-hook-form,7.89.0,74.78,95
798,postcss-pseudo-class-any-link,11.0.1,74.78,95
799,@parcel/node-resolver-core,3.7.4,74.76,95
800,toidentifier,1.0.1,74.75,95
801,renderkid,3.0.0,74.75,95
802,requires-port,1.0.0,74.72,95
803,neo-async,2.6.2,74.63,95
804,copy-webpack-plugin,14.0.0,74.62,95
805,compression-webpack-plugin,12.0.0,74.62,95
806,immediate,3.3.0,74.61,95
807,react-native-webview,14.0.1,74.61,95
808,ignore,7.0.10,74.58,95
809,is-accessor-descriptor,3.0.6,74.56,95
810,validate-npm-package-license,3.0.4,74.55,95
811,is-stream,4.0.1,74.5,95
812,universalify,2.0.1,74.5,95
813,mimic-fn,5.0.0,74.5,95
814,path-type,6.0.0,74.5,95
815,capital-case,2.0.0,74.5,95
816,header-case,3.0.0,74.5,95
817,is-string,1.1.1,74.5,95
818,is-date-object,1.1.0,74.5,95
819,is-number-object,1.1.1,74.5,95
820,is-boolean-object,1.2.2,74.5,95
821,is-arguments,1.2.0,74.5,95
822,trough,2.2.0,74.5,95
823,unist-builder,4.0.0,74.5,95
824,asap,2.0.6,74.48,95
825,has-value,2.0.2,74.43,95
826,css-what,8.0.0,74.42,95
827,formik,2.4.9,74.4,95
828,has-values,2.0.1,74.4,95
829,typedoc,0.28.20,74.4,95
830,sass-loader,17.0.1,74.39,95
831,@testing-library/user-event,14.6.7,74.36,95
832,@typescript-eslint/eslint-plugin,8.70.1,74.34,95
833,@nestjs/platform-socket.io,12.1.0,74.32,95
834,@sentry/node,11.0.0,74.31,95
835,strip-indent,4.1.1,74.3,95
836,@react-types/shared,3.36.1,74.3,95
837,babel-plugin-react-native-web,0.21.3,74.28,95
838,fast-memoize,2.5.2,74.28,95
839,discord.js,14.27.0,74.27,95
840,@node-redis/client,1.0.6,74.25,95
841,firebase,12.19.0,74.25,95
842,pg-protocol,1.16.0,74.19,95
843,react-dropzone,20.1.2,74.19,95
844,@cypress/request,4.0.1,74.18,95
845,domhandler,6.0.1,74.16,95
846,css-select,7.0.0,74.09,95
847,puppeteer,25.12.0,74.06,95
848,nock,14.0.17,74.06,95
849,sequelize,6.37.8,74.05,95
850,babel-preset-expo,57.0.13,74.05,95
851,preact,10.29.8,74.04,95
852,framer-motion,13.4.4,74.04,95
853,css.escape,1.5.1,73.97,95
854,node-gyp,13.0.2,73.95,95
855,tar,7.5.22,73.9,95
856,spdx-license-ids,3.0.24,73.9,95
857,react-helmet-async,3.0.0,73.86,95
858,external-editor,3.1.0,73.83,95
859,fs-extra,11.4.1,73.82,95
860,superagent,10.4.1,73.81,95
861,c8,12.0.0,73.79,95
862,chownr,3.0.0,73.75,95
863,warning,4.0.3,73.71,95
864,cli-truncate,6.1.1,73.6,95
865,pify,6.1.0,73.5,95
866,walker,1.0.8,73.5,95
867,import-local,3.2.0,73.5,95
868,is-regex,1.2.1,73.5,95
869,detect-newline,4.0.1,73.5,95
870,split,1.0.1,73.5,95
871,global-dirs,4.0.0,73.5,95
872,clean-webpack-plugin,4.0.0,73.48,95
873,swiper,14.2.0,73.44,95
874,strip-ansi,7.2.0,73.43,95
875,commander,15.0.0,73.42,95
876,crypto-random-string,6.0.0,73.41,95
877,path-parse,1.0.7,73.4,95
878,jsdom,30.1.1,73.33,95
879,@nestjs/platform-express,12.1.0,73.32,95
880,pg-pool,3.14.0,73.32,95
881,@nestjs/platform-fastify,12.1.0,73.32,95
882,ua-parser-js,2.0.10,73.28,95
883,object-visit,1.0.1,73.2,95
884,min-indent,1.0.1,73.1,75
885,@aws-sdk/credential-provider-node,3.972.84,73.07,95
886,@aws-sdk/credential-provider-sso,3.973.16,73.07,95
887,on-finished,2.4.1,73,95
888,@react-native/normalize-color,2.1.0,73,95
889,ts-dedent,2.3.0,73,95
890,string-length,7.0.1,72.92,95
891,arr-union,3.1.0,72.82,95
892,lodash.frompairs,4.0.1,72.8,75
893,import-lazy,4.0.0,72.77,95
894,onetime,8.0.0,72.76,95
895,connect-history-api-fallback,2.0.0,72.75,95
896,nan,2.29.0,72.69,95
897,builtin-modules,5.4.0,72.65,95
898,@react-native/assets,1.0.0,72.64,75
899,responselike,4.0.2,72.58,95
900,dom-serializer,3.1.1,72.54,95
901,is-plain-obj,4.1.0,72.5,95
902,deep-equal,2.2.3,72.5,95
903,strip-final-newline,4.0.0,72.5,95
904,is-symbol,1.1.1,72.5,95
905,is-weakref,1.1.1,72.5,95
906,path-exists,5.0.0,72.46,95
907,axios,1.20.0,72.45,95
908,has-flag,5.0.1,72.44,95
909,rechoir,0.8.0,72.44,95
910,strip-bom,5.0.0,72.36,95
911,stylelint,17.15.0,72.32,95
912,ts-morph,28.0.0,72.31,95
913,is-extendable,1.0.1,72.28,95
914,sucrase,3.35.1,72.28,95
915,@react-native/polyfills,2.0.0,72.22,75
916,color-support,1.1.3,72.21,95
917,esbuild-wasm,0.28.2,72.19,95
918,autoprefixer,10.6.1,72.17,95
919,node-releases,2.0.57,72.07,95
920,react-window,2.3.3,72.07,95
921,strict-uri-encode,2.0.0,72.01,95
922,call-bind,1.0.9,71.85,95
923,setprototypeof,1.2.0,71.84,95
924,resolve-from,5.0.0,71.76,95
925,sweetalert2,11.26.25,71.75,95
926,buffer-from,1.1.2,71.7,95
927,import-fresh,4.0.1,71.53,95
928,type-detect,4.1.0,71.5,95
929,mimic-response,4.0.0,71.46,95
930,functional-red-black-tree,1.0.1,71.4,95
931,prr,1.0.1,71.34,95
932,react-grid-layout,2.2.4,71.33,95
933,@nestjs/testing,12.1.0,71.32,95
934,@nestjs/microservices,12.1.0,71.32,95
935,@nestjs/websockets,12.1.0,71.32,95
936,@sentry/react,11.0.0,71.31,95
937,proxy-from-env,2.1.0,71.2,95
938,domelementtype,3.0.0,71.17,95
939,lru-cache,11.5.3,71.13,95
940,msw,2.15.0,71.12,95
941,inherits,2.0.4,71.07,95
942,side-channel,1.1.1,71.02,95
943,once,1.4.0,70.98,95
944,slice-ansi,9.0.1,70.88,95
945,unpipe,1.0.0,70.86,75
946,emoji-regex,11.0.0,70.67,95
947,wrap-ansi,10.0.2,70.6,95
948,p-try,3.0.0,70.5,95
949,unbox-primitive,1.1.0,70.5,95
950,is-shared-array-buffer,1.0.4,70.5,95
951,get-symbol-description,1.1.0,70.5,95
952,to-readable-stream,4.0.0,70.5,95
953,bail,2.0.2,70.5,95
954,use-debounce,10.1.1,70.5,95
955,core-util-is,1.0.3,70.46,95
956,shebang-regex,4.0.0,70.46,95
957,is-generator-fn,3.0.0,70.46,95
958,is-generator-function,1.1.2,70.46,95
959,react-intersection-observer,11.0.1,70.45,95
960,arrify,3.0.0,70.37,95
961,unique-string,3.0.0,70.35,95
962,@nestjs/common,12.1.0,70.32,95
963,@nestjs/core,12.1.0,70.32,95
964,setimmediate,1.0.5,70.24,95
965,react-toastify,11.1.0,70.21,95
966,@grafana/e2e-selectors,13.2.2,70.17,95
967,google-auth-library,11.1.0,70.16,95
968,file-type,22.1.1,70.15,95
969,memfs,4.79.0,70.08,95
970,path-browserify,1.0.1,70.03,95
971,ws,8.22.0,70.02,95
972,glob,13.0.6,70.02,95
973,file-entry-cache,11.1.5,70.02,95
974,at-least-node,1.0.0,70,75
975,@tootallnate/once,3.0.1,69.91,95
976,fs.realpath,1.0.0,69.91,75
977,shebang-command,2.0.0,69.88,95
978,@colors/colors,1.6.1,69.79,95
979,resolve-cwd,3.0.0,69.77,95
980,get-stdin,10.0.0,69.72,95
981,flux,4.0.4,69.5,95
982,supports-preserve-symlinks-flag,1.0.0,69.5,75
983,dot-prop,10.2.0,69.44,95
984,is-potential-custom-element-name,1.0.1,69.11,75
985,react-i18next,17.0.15,69.09,95
986,filesize,11.0.25,68.76,95
987,cssesc,3.0.0,68.7,95
988,is-typedarray,1.0.0,68.59,75
989,camelcase-css,2.0.1,68.56,95
990,@xtuc/ieee754,1.2.0,68.54,75
991,call-me-maybe,1.0.2,68.5,95
992,supports-color,11.0.0,68.37,95
993,@grafana/data,13.2.2,68.17,95
994,sharp,0.35.5,68.01,95
995,file-uri-to-path,2.0.0,67.91,95
996,got,16.0.0,67.64,95
997,react-use,17.6.1,66.75,95
998,@grafana/ui,13.2.2,66.02,95
999,googleapis,182.0.0,65.81,95
1000,is-core-module,2.17.0,65.65,95
